leisure	name	sport	lat	lon	id	surface	region
pitch		volleyball	11.28773172	46.0032065	way/72667631		region_1
pitch		volleyball	11.124793399999998	46.06612775999999	way/75414528	asphalt	region_1
pitch		volleyball	11.06190054	45.91870456	way/75919441		region_1
pitch		volleyball	11.11888358	46.09012684	way/82078000	artificial_turf	region_1
pitch		volleyball	11.52263598	46.06372672	way/116700116		region_1
pitch		volleyball	11.10019234	46.10219476	way/132153651		region_1
pitch		volleyball	11.142657200000002	46.0748378	way/133399564		region_1
pitch		volleyball	10.87742032	46.32628958	way/168197282		region_1
pitch		volleyball	10.862495739999998	46.3259643	way/168209869		region_1
pitch		volleyball	11.05834998	46.04176622	way/170735434		region_1
pitch		volleyball	11.05845934	46.04121658	way/170735435		region_1
pitch		volleyball	11.06622914	46.08772562	way/178771256		region_1
pitch		volleyball	10.57919788	45.86240266	way/193869683		region_1
pitch		volleyball	11.12067638	46.21663852	way/208255261		region_1
pitch	Cortile Grumes	volleyball	11.29409178	46.22121532	way/216511655		region_1
pitch		volleyball	11.12944076	46.00692488000001	way/217042083	artificial_turf	region_1
pitch		volleyball	11.1076511	46.43258762000001	way/217292073		region_1
pitch		volleyball	10.89952352	45.92191272	way/217912523		region_1
pitch		volleyball	11.10509372	46.37759384	way/218798674		region_1
pitch		volleyball	11.14200956	46.07583406	way/221509483		region_1
pitch		volleyball	11.0592499	46.07056396	way/222944479		region_1
pitch		volleyball	10.6485132	45.95188258	way/241167679		region_1
pitch		volleyball	10.99989284	45.75410264	way/244403474	paving_stones	region_1
pitch		volleyball	11.26597688	46.1449785	way/259614730		region_1
pitch		volleyball	11.278006440000002	46.079444640000006	way/264216626		region_1
pitch		volleyball	10.94316274	45.90051446	way/270977116		region_1
pitch		volleyball	11.09766902	46.15094424	way/309662952		region_1
pitch		volleyball	11.00770962	45.92276174	way/324295866		region_1
pitch		volleyball	11.2510151	45.93992412	way/344277542	sett	region_1
pitch	Campo da Pallavolo	volleyball	11.064862299999998	45.73986610000001	way/366486412	asphalt	region_1
pitch		volleyball	11.04390482	46.0949179	way/374368307		region_1
pitch		volleyball	11.02994676	46.23685286	way/375466669		region_1
pitch		volleyball	11.24514598	46.06841588	way/381857112		region_1
pitch		volleyball	11.134831959999998	46.0724688	way/390137301	sand	region_1
pitch		volleyball	11.16235198	46.07141674	way/393277792	grass	region_1
pitch		volleyball	10.71941812	45.89303222	way/399331987	artificial_turf	region_1
pitch		volleyball	10.886301	45.913916240000006	way/403515449	artificial_turf	region_1
pitch		volleyball	11.121265659999995	46.043628	way/426594826		region_1
pitch		volleyball	11.06915278	46.24866828	way/426658807	asphalt	region_1
pitch		volleyball	11.27540822	45.93375386	way/429525105	grass	region_1
pitch		volleyball	11.32164896	45.92235144	way/429827682		region_1
pitch		volleyball	11.10865608	46.06175294	way/449134479		region_1
pitch		volleyball	11.15396672	46.06700784	way/499451275	asphalt	region_1
pitch		volleyball	11.14369338	46.05154968000001	way/554844859		region_1
pitch		volleyball	11.11818714	46.09496612	way/557303734	artificial_turf	region_1
pitch		volleyball	11.09151686	46.12058288	way/558786206		region_1
pitch		volleyball	10.74030494	46.10387272	way/564382121		region_1
pitch		volleyball	10.749897120000002	46.05648212	way/564382355		region_1
pitch		volleyball	10.81409198	46.12515302	way/632124949		region_1
pitch		volleyball	11.011772639999998	45.889457140000005	way/721520932	artificial_turf	region_1
pitch		volleyball	10.84385372	45.89014706	way/848027354	artificial_turf	region_1
pitch		volleyball	11.460555	46.05284326	way/881970118		region_1
pitch		volleyball	10.729115920000002	45.90439814	way/960016102		region_1
pitch		volleyball	11.113787166666668	46.09014128333333	way/960754713		region_1
pitch		volleyball	10.97669308	45.69334456	way/991881105	clay	region_1
pitch		volleyball	11.13916876	46.06012298	way/1047509845		region_1
pitch		volleyball	11.10860438	46.1430682	way/1054617338		region_1
pitch		volleyball	11.61817496	46.1131418	way/1083753766		region_1
pitch		volleyball	11.81833948	46.1634614	way/1120080985		region_1
pitch		volleyball	11.11988344	46.06121802	way/1150113015		region_1
pitch		volleyball	11.11961938	46.06122678	way/1150113016		region_1
pitch		volleyball	11.15170838	45.89236832	way/1151970270		region_1
pitch		volleyball	11.02868594285714	46.343149100000005	way/1157488234	artificial_turf	region_1
pitch		volleyball	11.174425	46.4128698	way/1184853503	grass	region_1
pitch		volleyball	11.11381188	46.08002754	way/1186979083		region_1
pitch		volleyball	10.849682800000002	45.88183002000001	way/1200947650		region_1
pitch		volleyball	11.1050694	46.0176738	node/279578864		region_1
pitch		volleyball	10.9848612	46.0457061	node/6722934357	grass	region_1
pitch	Campo Don G. B. Giacomelli	soccer	11.076390385714287	45.87070057142858	relation/1905184		region_1
pitch		soccer	11.1217339	46.0437813	way/24875151		region_1
pitch	Campo Calcio Talamo	soccer	11.1143045	46.051935660000005	way/24875219		region_1
pitch		soccer	11.11379096	46.0505533	way/24875245		region_1
pitch	Campo Calcio Orione	soccer	11.11610512	46.05394308	way/24875255		region_1
pitch	"Campo ""Carlo Prada"""	soccer	11.11885388	46.080761540000005	way/24875531	artificial_turf	region_1
pitch		soccer	11.1418251	46.07810669999999	way/24876389		region_1
pitch		soccer	11.148972416666666	46.07397496666667	way/24876439		region_1
pitch		soccer	11.13715454	46.04449528000001	way/24876817		region_1
pitch	campo da calcio giovanile	soccer	11.1440263	46.051273425	way/24876850		region_1
pitch	Campo Sintetico	soccer	11.149601819999996	46.05646048	way/24876852	artificial_turf	region_1
pitch		soccer	11.12906512	46.06353136	way/24913885		region_1
pitch		soccer	11.107588281818185	46.076355281818174	way/24915136		region_1
pitch		soccer	11.12239236	46.0623501	way/24917057	artificial_turf	region_1
pitch		soccer	10.860893536363635	45.884894009090914	way/24919585	concrete	region_1
pitch		soccer	11.21629126	46.08628956	way/25149768		region_1
pitch	Mille pini	soccer	11.24528094	46.14248906	way/25305967	grass	region_1
pitch		soccer	11.129078760000002	46.00802834	way/25387461	artificial_turf	region_1
pitch	Campo Calcio Ravina	soccer	11.1086793	46.03707502	way/25468184		region_1
pitch	Campo Naturale	soccer	11.1506475	46.05649998	way/25659496	grass	region_1
pitch		soccer	11.19753638	45.9993922	way/26432039		region_1
pitch	campo sportivo Isera	soccer	11.01159724	45.88160226	way/27142264	grass	region_1
pitch		soccer	11.02824644	45.86769562	way/27651399		region_1
pitch		soccer	11.13917576	46.41983734	way/28106389		region_1
pitch		soccer	11.23260832	46.06443951999999	way/28920846		region_1
pitch		soccer	11.23206098	46.07100208000001	way/28924458		region_1
pitch		soccer	10.98447188	45.85331314	way/30005299		region_1
pitch		soccer	11.13463262	46.19072564	way/30499060	grass	region_1
pitch	Campo oratorio	soccer	11.022457157142854	45.886610871428566	way/31287652	grass	region_1
pitch	Campo da Calcio di Daiano	soccer	11.44658758	46.3095524	way/33889542		region_1
pitch	Campo delle Fucine	soccer	11.0299410875	45.883868025	way/35611615	artificial_turf	region_1
pitch	Centro Sportivo Mauro Marzari	soccer	11.17331196	45.91950786	way/37041069		region_1
pitch		soccer	10.848271583333334	45.89302743333334	way/37570629	grass	region_1
pitch		soccer	11.03686686	46.1101555	way/37763085		region_1
pitch		soccer	11.1003164	46.13992298000001	way/37764560		region_1
pitch		soccer	11.24320452	46.0068303	way/37794967		region_1
pitch		soccer	11.21639434	45.99699052	way/37810516		region_1
pitch	Campo Calcetto	soccer	11.21928506	45.99288342	way/37811734	tartan	region_1
pitch		soccer	11.10102988	46.14078946	way/37831680		region_1
pitch		soccer	11.098036257142857	46.064321771428574	way/37855565	artificial_turf	region_1
pitch		soccer	11.224557	46.17311984	way/37879139		region_1
pitch	"Campo ""Mirko Bonetti"""	soccer	11.11920384	46.0929152	way/37937050	artificial_turf	region_1
pitch	Campetto della Chiesa	soccer	10.87816916	45.86918086	way/38096784	grass	region_1
pitch		soccer	11.10483396	46.13754914	way/38180403		region_1
pitch		soccer	11.13824418	46.04194906	way/38595624	grass	region_1
pitch	Campetto Sintetico	soccer	11.14994792	46.056939920000005	way/39120308	artificial_turf	region_1
pitch		soccer	11.27944088	46.0795615	way/39212484	grass	region_1
pitch		soccer	11.30496614	46.16333004	way/39819369	grass	region_1
pitch		soccer	11.41314652	46.26968224	way/39836167		region_1
pitch		soccer	11.253898239999998	46.036016020000005	way/40123808		region_1
pitch		soccer	10.851535514285713	45.882925328571424	way/40514383	grass	region_1
pitch		soccer	11.05512114	45.87974982	way/41194746		region_1
pitch		soccer	11.05492698	45.87932382	way/41194748		region_1
pitch	Campo dell'Oratorio	soccer	10.90910242857143	45.9624159	way/41246748		region_1
pitch	Campo da calcio	soccer	10.775167821428573	45.87019652857144	way/41646270	plastic	region_1
pitch	Pra delle Moneghe	soccer	11.037777916666668	45.881974033333336	way/42324695		region_1
pitch	Grilli	soccer	10.56215558	45.84771615999999	way/42734541		region_1
pitch		soccer	10.8388342	45.90427986249999	way/47156396		region_1
pitch		soccer	11.29907846	46.10621122	way/50635984		region_1
pitch		soccer	11.168690425	46.177752925	way/51208010		region_1
pitch	Chizzola	soccer	11.00461722	45.8096883	way/51343465		region_1
pitch		soccer	11.18890332	46.41074306	way/51353607	grass	region_1
pitch		soccer	10.97016306	45.80869098	way/52249460		region_1
pitch	Intecomunale Nomi Calliano	soccer	11.088216366666666	45.93075506666667	way/53290963	grass	region_1
pitch		soccer	11.091679333333332	45.93234481666667	way/53599794	artificial_turf	region_1
pitch		soccer	10.95944376	45.8245462	way/54863975	artificial_turf	region_1
pitch		soccer	10.9589071	45.82315388	way/54863988	grass	region_1
pitch		soccer	11.11802602	46.09742262	way/55541356	artificial_turf	region_1
pitch		soccer	11.11660272	46.09758916	way/55541358	grass	region_1
pitch		soccer	11.1100282	45.94327173999999	way/56208141		region_1
pitch		soccer	11.81226058	46.15397096	way/58119330	grass	region_1
pitch		soccer	10.60544994	45.892403820000006	way/58403989		region_1
pitch		soccer	11.748175219999998	46.4764664	way/58675277		region_1
pitch		soccer	11.011253242857142	45.84499805714286	way/58730040	grass	region_1
pitch	Campo Sportivo Cerfenal	soccer	11.50420748	46.29903626	way/58736539		region_1
pitch		soccer	11.0326156	45.92066619090909	way/58736599		region_1
pitch		soccer	11.46045578	46.287616660000005	way/58779157		region_1
pitch	Campo da calcio di Transacqua	soccer	11.834710633333332	46.17867164999999	way/59463108	artificial_turf	region_1
pitch		soccer	11.797402371428571	46.149172642857145	way/59600485		region_1
pitch		soccer	10.64196828	45.952225	way/60351188		region_1
pitch	Centro Sportivo Darzo Carlo Maffei	soccer	10.55166016	45.83641098	way/60449251	grass	region_1
pitch		soccer	11.2104532	46.04520526	way/61648089		region_1
pitch		soccer	10.75442676	46.12250904	way/61849452	ground	region_1
pitch	Campo da calcio	soccer	11.14523366	46.39489962	way/62031985		region_1
pitch		soccer	10.866453885714284	45.92034605714286	way/62733928		region_1
pitch	campo calcio 2	soccer	10.7646255	46.13819464	way/62828913	grass	region_1
pitch		soccer	11.550048899999998	46.28517166	way/64167407		region_1
pitch		soccer	11.13816838	46.071099100000005	way/64714396		region_1
pitch		soccer	11.43951976	46.29316612	way/66096400		region_1
pitch		soccer	10.76590306	46.14803628	way/66345983	grass	region_1
pitch	Campo sportivo Pineta	soccer	10.758454583333334	46.153443333333335	way/66345987	grass	region_1
pitch	Campo sportivo Cereghini	soccer	10.75961768	46.1523392	way/66346004	grass	region_1
pitch		soccer	11.12034148	46.057070120000006	way/67027780		region_1
pitch		soccer	11.120070683333331	46.06095210000001	way/67197017		region_1
pitch		soccer	11.12065602	46.06099765999999	way/67197042		region_1
pitch		soccer	11.12036462	46.06096096	way/67197046		region_1
pitch		soccer	11.119790166666666	46.06091863333334	way/67197088		region_1
pitch		soccer	10.719645038461538	45.89375954615385	way/69221160	artificial_turf	region_1
pitch		soccer	11.02911072	45.87941728	way/69425116	artificial_turf	region_1
pitch		soccer	11.08978304	46.00533282	way/70431436	grass	region_1
pitch		soccer	11.0846024	46.26447928333334	way/71449205		region_1
pitch		soccer	11.0977785	46.26655468	way/71449311		region_1
pitch		soccer	11.03105836	46.27495074	way/71617476		region_1
pitch		soccer	11.09600168	46.21817716	way/72045124	artificial_turf	region_1
pitch		soccer	11.08554492	46.21931896	way/72045125		region_1
pitch		soccer	10.98652236	45.8523038	way/72611126		region_1
pitch		soccer	10.98652936	45.85387396	way/72611162		region_1
pitch		soccer	11.28754294	46.00328866	way/72667580		region_1
pitch		soccer	11.28607222	46.004381640000005	way/72667612		region_1
pitch		soccer	11.0466173	46.2196559	way/73312597		region_1
pitch		soccer	11.028772	46.2596059	way/73312603	artificial_turf	region_1
pitch		soccer	11.04638318	46.21880488000001	way/73312605	artificial_turf	region_1
pitch		soccer	11.02527906	46.297223380000005	way/73351635		region_1
pitch		soccer	11.0231512	46.237792080000006	way/73446679		region_1
pitch		soccer	11.053498	46.2644255	way/73446680	grass	region_1
pitch		soccer	11.01551372	46.24933385999999	way/73446721		region_1
pitch		soccer	10.93529998	45.8764295	way/73546541		region_1
pitch		soccer	11.482016	46.28367725	way/73697183		region_1
pitch		soccer	11.023419919999998	45.79625752	way/74817128		region_1
pitch		soccer	11.08679116	46.16850714	way/75464538	artificial_turf	region_1
pitch		soccer	11.08687848	46.16915956	way/75464539		region_1
pitch		soccer	11.12191136	46.06398254	way/75687282	concrete	region_1
pitch		soccer	11.061118099999998	45.91920897999999	way/75919405		region_1
pitch		soccer	11.06217256	45.91890424	way/75919442		region_1
pitch		soccer	10.887383366666665	45.91597507777778	way/78048666		region_1
pitch		soccer	11.153455049999998	46.0644692	way/78363186	grass	region_1
pitch		soccer	11.11970006	46.061831340000005	way/78785890		region_1
pitch	Campo sportivo	soccer	11.257298359999998	46.1777026	way/79499117		region_1
pitch		soccer	11.22448468	46.15205502	way/79501503		region_1
pitch	Campo sportivo	soccer	11.291222520000002	46.22159402	way/79813022		region_1
pitch		soccer	11.13010242	46.05274497999999	way/79860152		region_1
pitch	Campo sportivo	soccer	11.263765166666667	46.19693613333333	way/79885107		region_1
pitch		soccer	11.01230166	46.1838335	way/80199470		region_1
pitch		soccer	11.0442366	45.89763578	way/80281628		region_1
pitch		soccer	11.3421684	46.24364988000001	way/80343873		region_1
pitch		soccer	11.0258312	46.36261116	way/80515821		region_1
pitch		soccer	11.02792696	46.34446626	way/80583083		region_1
pitch		soccer	11.0302438	46.343260580000006	way/80583104		region_1
pitch		soccer	11.038287014285713	46.36610658571429	way/80949710		region_1
pitch		soccer	10.833444766666668	45.917689266666656	way/81085430		region_1
pitch	Campo Sportivo	soccer	11.18018192	46.248272400000005	way/81543199		region_1
pitch		soccer	10.620481860000002	45.94593655999999	way/82508251		region_1
pitch	Campo	soccer	10.97180516	45.79630192	way/83424611	grass_paver	region_1
pitch		soccer	11.13174832	46.19161824	way/83551014	grass	region_1
pitch	Campo Sportivo	soccer	10.982752266666663	46.02827271111111	way/83913941		region_1
pitch		soccer	10.914592870000002	45.96894867	way/83938765	grass	region_1
pitch		soccer	10.913839033333334	45.968489711111104	way/83938773		region_1
pitch	Campo da Calcio	soccer	10.9787122	45.994756380000005	way/83995119		region_1
pitch	Campo da Calcio	soccer	10.97958584	45.99528372	way/83995128		region_1
pitch		soccer	10.939833533333337	45.97094468333333	way/85795330		region_1
pitch	Campo Albaredo	soccer	11.05795966	45.85618956	way/87785412		region_1
pitch		soccer	11.1240518	46.2148074	way/88039264		region_1
pitch		soccer	11.12654854	46.21677034	way/88039275		region_1
pitch	"Stadio ""Mutinelli"""	soccer	11.00804452	45.75989128000001	way/88088627		region_1
pitch	Barattieri	soccer	11.03952424	45.8973683	way/88501122	artificial_turf	region_1
pitch	Barattieri	soccer	11.04009838	45.89709744	way/88501126	grass	region_1
pitch	Casae	soccer	11.12318044	45.780465580000005	way/88527956		region_1
pitch	Campo di Calcio AC Fassa	soccer	11.67714592	46.41657424	way/88530131	grass	region_1
pitch		soccer	11.67784546	46.4160239	way/88530137	artificial_turf	region_1
pitch	Antistadio Quercia	soccer	11.0375238	45.90206152	way/88532406	grass	region_1
pitch		soccer	11.0374582	45.90106862	way/88532408	grass	region_1
pitch		soccer	11.11815904	46.31662648	way/93741503	grass	region_1
pitch		soccer	11.0291088	46.37919212857143	way/93975911		region_1
pitch		soccer	10.79477568	46.31320784	way/94575301		region_1
pitch		soccer	10.738784120000002	46.30951227999999	way/94816263	grass	region_1
pitch		soccer	10.58360438	46.25683234	way/94830223		region_1
pitch		soccer	11.1524285	45.89218906	way/95099283		region_1
pitch		soccer	11.5572107	46.28245361999999	way/95156367		region_1
pitch		soccer	11.0198654	46.44043748	way/95467321		region_1
pitch		soccer	10.8124215	46.30428756	way/96192660		region_1
pitch		soccer	11.006138539999998	46.17057656	way/97305904		region_1
pitch		soccer	10.95596692	46.14185512	way/97564457	grass	region_1
pitch		soccer	11.066266860000002	46.17125038	way/97564584		region_1
pitch		soccer	10.67643886	45.98725276	way/98181954		region_1
pitch		soccer	10.60560452	45.89162028	way/98309178		region_1
pitch		soccer	11.043853583333332	46.08789686666666	way/98371326		region_1
pitch	Campo sportivo Meano	soccer	11.12006636	46.12914886	way/98372483		region_1
pitch		soccer	11.07194856	46.3235727	way/98524822		region_1
pitch		soccer	11.09378896	46.14892217999999	way/98633668		region_1
pitch		soccer	11.10981994	46.099552800000005	way/99012740		region_1
pitch		soccer	11.12957674	46.05084394000001	way/99027005		region_1
pitch		soccer	11.18551768	46.14379598	way/99055766		region_1
pitch		soccer	11.422781228571427	46.04705328571429	way/99760313		region_1
pitch		soccer	11.42013714	46.04591434	way/99760328		region_1
pitch		soccer	10.641393779999998	45.94154594	way/100873554	artificial_turf	region_1
pitch	Campo Sportivo Preore	soccer	10.7546268	46.04524276	way/101192975	grass	region_1
pitch		soccer	11.0527115	46.07007724	way/101328194	grass	region_1
pitch		soccer	11.05336734	46.07046064	way/101328207	artificial_turf	region_1
pitch		soccer	10.603548	45.91959270000001	way/101882258		region_1
pitch		soccer	11.2129367	46.12065932	way/102219043		region_1
pitch		soccer	11.18191925	46.09114473333333	way/102219267		region_1
pitch		soccer	11.2135276	46.12042276	way/102219443		region_1
pitch		soccer	11.2426569	46.06451522	way/102637360		region_1
pitch		soccer	11.22938332	46.06600312	way/102637384		region_1
pitch		soccer	11.23325964	46.07169058	way/102637441		region_1
pitch		soccer	11.26835736	45.98486362	way/104242867	grass	region_1
pitch		soccer	11.61552698	46.059827600000006	way/104254999		region_1
pitch		soccer	11.60344482	46.0675368	way/104255009		region_1
pitch	centro sportivo Parti	soccer	11.62823264	46.05777608	way/104255016	grass	region_1
pitch		soccer	11.58651546	46.06982912	way/104261659		region_1
pitch		soccer	11.562554642857146	46.04488511428571	way/104290320		region_1
pitch		soccer	11.55968752	46.08180038	way/104308398		region_1
pitch	Campo sportivo	soccer	11.499818687499998	46.0663288125	way/104310792	grass	region_1
pitch		soccer	11.49296446	46.067532	way/104311830		region_1
pitch		soccer	11.48443566	46.07030551999999	way/104312186		region_1
pitch		soccer	11.44918362	46.07740292	way/104314197		region_1
pitch		soccer	11.44903048	46.0768956	way/104314202		region_1
pitch		soccer	11.492518283333334	46.05307618333333	way/104391914		region_1
pitch		soccer	11.067454559999998	46.39753876	way/105579163		region_1
pitch		soccer	11.14921066	46.40400328	way/105579164		region_1
pitch		soccer	11.05158972	46.3930968	way/105579174		region_1
pitch		soccer	10.96864968	46.4101396	way/105585133	artificial_turf	region_1
pitch		soccer	11.122253920000002	46.39385076	way/105585197		region_1
pitch		soccer	11.01698796	46.40412121999999	way/105585198		region_1
pitch		soccer	11.0869968	46.419929200000006	way/105591709		region_1
pitch		soccer	10.99756782	46.0726871	way/107236486	grass	region_1
pitch		soccer	11.09531156	45.97122216	way/107726217	grass	region_1
pitch		soccer	11.09438526	45.97007466000001	way/107726245		region_1
pitch		soccer	11.24804658	46.052399480000005	way/110288095		region_1
pitch		soccer	11.0722783	46.36510079999999	way/112398323		region_1
pitch		soccer	11.0762863	46.37620271428572	way/112398370		region_1
pitch		soccer	11.07312614	46.29494118	way/112411483		region_1
pitch		soccer	11.073010579999998	46.171928560000005	way/112510663		region_1
pitch		soccer	11.562189733333334	46.28606353333333	way/113724777		region_1
pitch		soccer	11.09467384	46.35452918	way/114107546		region_1
pitch		soccer	10.66634364	46.35387966	way/114275749	grass	region_1
pitch		soccer	11.11096246	46.34966776	way/114282023		region_1
pitch		soccer	11.11564226	46.34730671999999	way/114282100		region_1
pitch		soccer	11.11508894	46.3366462	way/114282203		region_1
pitch		soccer	11.03016314	46.33392882	way/114296294		region_1
pitch		soccer	11.07850104	45.92920328000001	way/114459227		region_1
pitch		soccer	11.11594408	46.45450476	way/115091957		region_1
pitch		soccer	11.14318416	46.15941538	way/115340874		region_1
pitch		soccer	11.1548472	46.1562606	way/115340921	artificial_turf	region_1
pitch		soccer	11.16773958	46.1782741	way/115347424		region_1
pitch		soccer	11.16976546	46.15982408000001	way/115347441		region_1
pitch		soccer	11.15979642	46.15885258	way/115347458	grass	region_1
pitch		soccer	11.15773738	46.1686309	way/115347469	grass	region_1
pitch		soccer	11.1314556	46.07262902	way/115788612	grass	region_1
pitch		soccer	11.499807045454547	46.06587809090909	way/116703951	grass	region_1
pitch		soccer	11.11426144	46.06419516	way/118423426	artificial_turf	region_1
pitch		soccer	11.13546138	46.13280282	way/118492482		region_1
pitch		soccer	10.90393814	46.0699851	way/118583054		region_1
pitch		soccer	10.90488032	46.0703508	way/118583074		region_1
pitch		soccer	10.9573518	46.14102322	way/118602417	grass	region_1
pitch		soccer	11.25334222	46.0360752	way/120246265		region_1
pitch		soccer	11.267516	46.01303546	way/120294605		region_1
pitch		soccer	10.85362484	46.04930106	way/121181039	grass	region_1
pitch		soccer	10.94116278	46.06471387999999	way/121209274	grass	region_1
pitch		soccer	11.3917731	46.03337348	way/121432522		region_1
pitch	Campo sportivo di Ronzo	soccer	10.947965059999998	45.8903558	way/121980987		region_1
pitch		soccer	11.13477608	46.0728281	way/122270381	grass	region_1
pitch		soccer	11.114278809090909	46.073834445454544	way/123185086		region_1
pitch	Calcetto	soccer	11.18934018	45.892358900000005	way/123981846		region_1
pitch		soccer	11.01231802	46.1834818	way/124077989		region_1
pitch	Campo sportivo di Varena	soccer	11.46683668	46.308244560000006	way/124838825	grass	region_1
pitch		soccer	11.07903182	46.06426048	way/124889958		region_1
pitch		soccer	11.12371738	46.05883808	way/125095995		region_1
pitch		soccer	10.816395628571428	46.01502264285715	way/125217642		region_1
pitch		soccer	11.13259992	45.92222714	way/126172941	grass	region_1
pitch		soccer	10.6248501	45.914970620000005	way/127921421		region_1
pitch		soccer	11.13294046	46.042799460000005	way/129642212	grass	region_1
pitch		soccer	11.13389278	46.0518584	way/130271119		region_1
pitch		soccer	10.713415766666666	46.068115250000005	way/130526577		region_1
pitch		soccer	11.15062834	45.87854442	way/131013565		region_1
pitch		soccer	11.4598308	46.04073088	way/139940368		region_1
pitch		soccer	11.64774356	46.36601906	way/141474797	grass	region_1
pitch		soccer	11.64663576	46.36527492	way/141474799	grass	region_1
pitch	Campo da Calcio - Comune di Soraga	soccer	11.67011176	46.39644074	way/141930362	artificial_turf	region_1
pitch		soccer	11.1174195	46.06890546	way/142436093		region_1
pitch		soccer	11.04149608	45.90512931999999	way/149000958	grass	region_1
pitch	campo sintetico	soccer	11.01237862	45.88150968	way/154438188	artificial_turf	region_1
pitch		soccer	10.680919800000002	46.29050248	way/161245300		region_1
pitch		soccer	10.5426497	45.81124912	way/161414413		region_1
pitch		soccer	10.692401540000002	46.29586625999999	way/162138627		region_1
pitch		soccer	11.42913234	46.29540072	way/168042435		region_1
pitch		soccer	10.87779284	46.32580002	way/168197280		region_1
pitch		soccer	10.862718216666666	46.32606863333333	way/168209867		region_1
pitch		soccer	10.69861576	46.3466517	way/168999482		region_1
pitch		soccer	10.924030116666666	46.3605553	way/169029295		region_1
pitch		soccer	10.8456544	46.39943242	way/169088365		region_1
pitch		soccer	10.960469280000002	46.36641949999999	way/169377358		region_1
pitch		soccer	11.16781192	45.91741006	way/169492601		region_1
pitch		soccer	11.26309952	45.94707476	way/169772276		region_1
pitch		soccer	11.26262074	45.94662124	way/169772277		region_1
pitch		soccer	11.15157296	46.44646472	way/172219944	artificial_turf	region_1
pitch	Sacra Famiglia	soccer	11.03966878	45.89481658	way/172317604		region_1
pitch		soccer	11.02775758	45.89746454	way/172423743		region_1
pitch		soccer	11.00115148	45.76799394	way/172453875	grass	region_1
pitch		soccer	11.10679278	45.7776198	way/172549106		region_1
pitch		soccer	11.1347417	46.08780328	way/175048642		region_1
pitch	Prà dal Tor (campo da calcetto su erba)	soccer	11.10483626	46.32083046	way/177850375		region_1
pitch		soccer	11.051226880000002	46.27393726	way/179542723		region_1
pitch		soccer	11.267329488888889	45.9845311	way/181451011	artificial_turf	region_1
pitch		soccer	11.22465306	46.00203774	way/181608807		region_1
pitch		soccer	11.260936419999998	45.99371786	way/187831522		region_1
pitch		soccer	11.25775318	46.05114827999999	way/187848369		region_1
pitch		soccer	10.8892978125	45.8777929375	way/190699937		region_1
pitch		soccer	11.09582938	46.20882774	way/191323209		region_1
pitch		soccer	10.990695720000002	46.06320410000001	way/196783507		region_1
pitch		soccer	10.94839172	45.78115638	way/200132522		region_1
pitch		soccer	10.94753814	45.782081520000006	way/200132543		region_1
pitch		soccer	11.114648120000002	46.21262360000001	way/201824173		region_1
pitch		soccer	11.0312445	45.92013814	way/202299581	asphalt	region_1
pitch		soccer	11.03156784	45.92070102	way/202299582		region_1
pitch		soccer	10.55131116	45.804660080000005	way/203459193		region_1
pitch		soccer	10.959438783333333	46.02606216666667	way/209109318		region_1
pitch		soccer	11.13274546	46.04768605999999	way/213931113	artificial_turf	region_1
pitch		soccer	11.139068139999996	46.0598317	way/214280185		region_1
pitch		soccer	11.12057674	46.21696756	way/214458582		region_1
pitch		soccer	11.5121147	46.07075822	way/214807809		region_1
pitch	campetto	soccer	11.17006404	46.2483334	way/215497485		region_1
pitch		soccer	11.101898944444445	46.08160681111112	way/215637529		region_1
pitch		soccer	11.021848620000002	46.3280927	way/215666656		region_1
pitch		soccer	11.04171472	46.36254133999999	way/215828923		region_1
pitch		soccer	11.09253196	46.35204928	way/215828939		region_1
pitch		soccer	11.071606980000002	46.32311718	way/215828940		region_1
pitch		soccer	11.07132374	46.32351562	way/215828944		region_1
pitch		soccer	11.06558658	46.32162138	way/215828950		region_1
pitch		soccer	11.04592096	46.2486685	way/215828955		region_1
pitch		soccer	11.02234018	46.23812448	way/216261403		region_1
pitch		soccer	11.19192238	46.15915414	way/216478369		region_1
pitch		soccer	11.13667818	46.1541179	way/216478370		region_1
pitch		soccer	11.14336454	46.15978344	way/216503763		region_1
pitch		soccer	11.25925566	46.19110812000001	way/216535830		region_1
pitch		soccer	11.2532882	46.18255354	way/216535834		region_1
pitch		soccer	11.0929048	46.12542504	way/217012082		region_1
pitch		soccer	11.10862152	46.1429288	way/217012096		region_1
pitch		soccer	11.129031133333331	46.0071824	way/217042080	grass	region_1
pitch		soccer	11.1588356	46.42330778	way/217292067		region_1
pitch		soccer	11.13768752	46.40541888	way/217292068		region_1
pitch		soccer	11.07995314	46.42324278	way/217292069		region_1
pitch		soccer	11.139922620000002	46.40723781999999	way/217292070		region_1
pitch		soccer	11.10707692	46.43216152000001	way/217292074		region_1
pitch		soccer	11.019209659999998	46.44087466	way/217599369	grass	region_1
pitch		soccer	10.97753976	45.8498948	way/217692604		region_1
pitch		soccer	10.977891	45.849658680000005	way/217692609		region_1
pitch		soccer	10.96756304	45.85433684	way/217692610		region_1
pitch		soccer	11.66851154	45.99589956	way/217898411		region_1
pitch		soccer	11.06857162	46.37433356	way/218010531		region_1
pitch	Area Verde	soccer	11.09537218	46.404464540000006	way/218010532	grass_paver	region_1
pitch		soccer	11.10475802	46.37780382	way/218798676		region_1
pitch		soccer	10.98513564	46.04611614	way/218811388	grass	region_1
pitch		soccer	11.52224756	46.05225106	way/219201987		region_1
pitch		soccer	11.52277016	46.053156560000005	way/219201988		region_1
pitch		soccer	11.11838906	46.31586436	way/219519689	grass	region_1
pitch		soccer	10.8436546	46.0024864	way/219688755		region_1
pitch		soccer	11.11027902	46.13869784	way/221382167		region_1
pitch		soccer	10.98488296	46.00548028	way/221526540		region_1
pitch		soccer	10.84357977142857	45.91423871428572	way/221843138	concrete	region_1
pitch	A.S.D. Comano Terme Fiavè	soccer	10.864194566666669	46.02840805	way/221855874	sintetic_grass	region_1
pitch		soccer	10.86459696	46.02907384	way/221855875		region_1
pitch		soccer	10.89049912	46.03473984	way/221859955		region_1
pitch		soccer	11.25157764	46.07444384	way/221906650		region_1
pitch		soccer	11.114366880000002	46.05332808	way/221987175		region_1
pitch		soccer	11.09248014	46.15403952	way/222001520		region_1
pitch		soccer	11.1412778	46.10858613999999	way/222234188		region_1
pitch		soccer	11.3062025	46.01390004	way/223355094		region_1
pitch		soccer	10.9473476	45.98784318	way/223905222		region_1
pitch		soccer	11.02139665	45.92185953333333	way/223916457	grass	region_1
pitch		soccer	11.530782680000002	46.06667414	way/225160474		region_1
pitch	Stadio Comunale Città di Arco	soccer	10.88744148	45.91495836	way/225238015		region_1
pitch		soccer	10.7317185	46.04174272	way/226203652		region_1
pitch		soccer	11.04411826	46.08733942	way/226854991		region_1
pitch		soccer	11.04555498	46.088672540000005	way/226854992		region_1
pitch		soccer	11.026836980000002	46.18320494	way/227226147		region_1
pitch		soccer	10.93628304	46.3666675	way/227583064		region_1
pitch		soccer	11.00323862	46.16796452	way/227837542		region_1
pitch		soccer	10.73732128	46.0334896	way/227895933		region_1
pitch		soccer	11.64047198	46.00869031999999	way/228240949	grass	region_1
pitch		soccer	11.5970489	45.98257066000001	way/228240951		region_1
pitch		soccer	11.64061376	46.00762836	way/228240955		region_1
pitch		soccer	10.91700908	46.3471765	way/228651893		region_1
pitch		soccer	11.46936378	46.05045112	way/229295684	grass	region_1
pitch		soccer	10.73127074	46.04101166	way/230168685		region_1
pitch		soccer	11.76760126	46.47558298	way/231697669	artificial_turf	region_1
pitch		soccer	10.885831540000002	46.33339694	way/233380219		region_1
pitch		soccer	11.02954282	46.43747854	way/233681828		region_1
pitch		soccer	10.91563356	46.35079542	way/234838168		region_1
pitch		soccer	10.90492404	46.33760564000001	way/234880916		region_1
pitch		soccer	10.59975488	45.88966711999999	way/235781242		region_1
pitch		soccer	10.79396582	46.0571004	way/240875707		region_1
pitch		soccer	10.80726197142857	45.86567121428572	way/240958100		region_1
pitch		soccer	10.72382421875	45.90134036250001	way/241161398		region_1
pitch		soccer	10.6487895	45.95212158	way/241167680		region_1
pitch		soccer	10.699695280000002	46.00577352	way/241179094		region_1
pitch		soccer	11.55240134	46.04431796	way/243982895		region_1
pitch		soccer	10.961497842857142	45.74081152857144	way/244439380		region_1
pitch		soccer	11.24419362	46.0613583	way/248004399	artificial_turf	region_1
pitch		soccer	11.11070312	46.16777509999999	way/249998170		region_1
pitch	Campo da calcio di Fraveggio	soccer	10.99490854	46.07924174	way/252967599	grass	region_1
pitch		soccer	11.23678508	46.180627	way/253345452	concrete	region_1
pitch		soccer	11.325651066666666	46.24083676666667	way/254173171		region_1
pitch		soccer	11.2490116	45.9288445	way/254669477		region_1
pitch		soccer	11.482761200000002	46.28387636	way/255539184		region_1
pitch		soccer	11.13537228	46.13395552	way/256132995		region_1
pitch		soccer	10.96980778	45.83778726	way/256471890		region_1
pitch		soccer	10.97719258	45.9855379	way/266580379		region_1
pitch		soccer	10.98138758	45.97842622	way/266580380		region_1
pitch		soccer	10.75282472	46.16764152	way/266954037		region_1
pitch		soccer	10.56130034	45.84684228	way/267450721		region_1
pitch	Barattieri	soccer	11.03945136	45.89692195999999	way/271370498	artificial_turf	region_1
pitch		soccer	10.95160586	45.84607274	way/273611754		region_1
pitch		soccer	11.117231883333332	46.45318375	way/275472230		region_1
pitch		soccer	11.329542542857142	45.95738464285715	way/278003889	grass	region_1
pitch		soccer	11.46262534	46.075296300000005	way/279523928		region_1
pitch		soccer	10.69964002	46.34631795999999	way/287641470		region_1
pitch		soccer	10.8173726	46.01479796	way/295391103		region_1
pitch		soccer	11.74415658	46.47582392	way/296893873		region_1
pitch		soccer	10.85031596	45.88266367	way/299065699	artificial_turf	region_1
pitch	Campo sportivo Oratorio Castello Tesino	soccer	11.63292922	46.06245702	way/299965785	grass	region_1
pitch		soccer	11.9434147	46.19348674	way/304817712		region_1
pitch		soccer	10.63543602	45.929343720000006	way/315991980		region_1
pitch		soccer	11.44003254	46.28234578	way/316710197		region_1
pitch	campetto	soccer	11.62929272	46.05783196	way/319933082	artificial_turf	region_1
pitch		soccer	11.42079382	46.04560005999999	way/321172114		region_1
pitch		soccer	11.46011424	46.05310184	way/322315888		region_1
pitch		soccer	11.29845328	46.01618588	way/323558270		region_1
pitch		soccer	11.315249557142854	45.99022554285715	way/323648453		region_1
pitch		soccer	11.00754154	45.92261638	way/324234976		region_1
pitch		soccer	11.405374	46.04928362	way/331155724		region_1
pitch		soccer	10.95031986	46.04727432	way/339788359		region_1
pitch	Campo di calcio della parrocchia di Canale	soccer	11.22865488	46.04211646	way/347710449	dirt	region_1
pitch		soccer	10.98496998	46.047458340000006	way/352530242	grass	region_1
pitch		soccer	11.35323986	46.12867304	way/358617425		region_1
pitch		soccer	10.7331381125	45.8861201625	way/364367283	grass	region_1
pitch		soccer	11.55106886	46.28515914	way/369270874		region_1
pitch		soccer	11.04769698	46.0955153	way/374372086	grass	region_1
pitch	Campo da calcio di Lon	soccer	10.99131352	46.08651188	way/374573718	grass	region_1
pitch		soccer	11.656329333333334	46.37306661666667	way/375193066		region_1
pitch		soccer	11.12135556	46.08562804	way/381257338		region_1
pitch		soccer	11.18196408	46.09037482000001	way/385409038		region_1
pitch		soccer	11.18489114	46.0700308	way/387218985		region_1
pitch		soccer	11.265664160000002	46.005622200000005	way/390202385	grass	region_1
pitch		soccer	11.2650659	46.00540738	way/390202387	grass	region_1
pitch		soccer	11.26196204	46.00413722	way/390211824	sand	region_1
pitch		soccer	11.2540458	46.00125648000001	way/390214618		region_1
pitch		soccer	11.30308246	46.106373	way/393187757	dirt	region_1
pitch		soccer	11.162456939999998	46.07108378	way/393277791	grass	region_1
pitch		soccer	11.033065679999998	46.36830786	way/395173734	artificial_turf	region_1
pitch		soccer	11.12105808	46.34396014	way/396241211		region_1
pitch		soccer	10.84763304	45.89238941999999	way/397540775	grass	region_1
pitch		soccer	10.81760314	45.91207016	way/397749116		region_1
pitch		soccer	10.92936272	45.70169394	way/397793691		region_1
pitch		soccer	11.600615883333331	46.312257	way/400424360		region_1
pitch		soccer	11.600337133333332	46.3119939111111	way/400424362		region_1
pitch		soccer	11.03647976	46.36607914	way/401662773		region_1
pitch		soccer	10.88586264	45.91385066	way/403515448	artificial_turf	region_1
pitch	Campetto dell'oratorio	soccer	11.00487396	45.75544264	way/408894065	grass	region_1
pitch		soccer	11.468038616666668	46.0490303	way/420089622	grass	region_1
pitch		soccer	11.07379984	46.17364464	way/423711364		region_1
pitch		soccer	11.06836358	46.173518060000006	way/423711367		region_1
pitch		soccer	11.09590234	45.9705797	way/424601670		region_1
pitch		soccer	11.24786154	45.94424306	way/424760017	grass	region_1
pitch		soccer	11.1319602	46.19727274	way/425714776		region_1
pitch		soccer	11.04947816	46.31475424	way/425803488		region_1
pitch		soccer	11.01882874	46.44061276	way/426341947	grass	region_1
pitch		soccer	10.93919922	45.73362896	way/427796515	grass	region_1
pitch		soccer	10.94681956	45.73826412	way/427796517		region_1
pitch		soccer	11.3213851	45.92217726	way/429460349		region_1
pitch		soccer	11.29786598	45.95460658	way/429525107		region_1
pitch		soccer	11.23362692	45.97046134	way/429849871	grass	region_1
pitch		soccer	11.67199426	46.38125634000001	way/432400180		region_1
pitch		soccer	11.52689656	46.08360706	way/432958166		region_1
pitch		soccer	11.305627220000002	46.16369204	way/433562023	sand	region_1
pitch		soccer	11.12689796	46.1433694	way/434376830		region_1
pitch		soccer	11.18548172	46.14307662	way/434443242		region_1
pitch		soccer	11.81106414	46.153837980000006	way/434905677	grass	region_1
pitch		soccer	11.0277253	45.86858013999999	way/440223331		region_1
pitch		soccer	10.69128812	45.89071618	way/441982912		region_1
pitch		soccer	10.75602838	46.156226280000006	way/442666806	artificial_turf	region_1
pitch		soccer	11.131131	46.05732938	way/444966295		region_1
pitch		soccer	10.74516474	46.06998675999999	way/446914554		region_1
pitch		soccer	10.753531419999998	46.04450486	way/446914555	grass	region_1
pitch	campo calcetto/tennis	soccer	10.814156739999998	46.40763898	way/454726563		region_1
pitch		soccer	10.81814146	46.0158697	way/456631798		region_1
pitch		soccer	11.677311839999998	46.19603452	way/458895008		region_1
pitch	Campo Sant'Agnese	soccer	11.18444475	46.106561150000005	way/469393645	artificial_turf	region_1
pitch		soccer	11.460089	46.04106048	way/474036717		region_1
pitch		soccer	11.132527533333333	45.90850138333334	way/477439305	grass	region_1
pitch		soccer	11.143246299999998	46.4738061	way/515841574		region_1
pitch		soccer	11.531839616666668	46.05815465	way/515897416		region_1
pitch		soccer	10.8836358	45.9152211125	way/516393451		region_1
pitch		soccer	11.11190272	46.45446718	way/517879876		region_1
pitch		soccer	11.1316471	46.45867686	way/518394586		region_1
pitch		soccer	11.73304252	46.15551388	way/527036550	asphalt	region_1
pitch		soccer	10.86668988	45.91979102	way/534673078		region_1
pitch		soccer	11.11953084	46.06716762	way/542428805		region_1
pitch		soccer	10.89745764	45.87572376	way/545489367		region_1
pitch		soccer	11.182073483333337	46.11417298333333	way/556076900	grass	region_1
pitch		soccer	11.09181224	46.12073702	way/558786207		region_1
pitch		soccer	11.22676408	46.04201552000001	way/559255101	tartan	region_1
pitch		soccer	11.82732748	46.19194348	way/560982047		region_1
pitch		soccer	10.66871646	46.36203206	way/562582881	grass	region_1
pitch		soccer	10.7448373	46.03585525999999	way/564329017		region_1
pitch		soccer	10.741538471428573	46.10332602857142	way/564382126		region_1
pitch		soccer	11.10706026	46.0901925	way/572460510		region_1
pitch		soccer	10.89271908	45.91958744	way/579656303		region_1
pitch		soccer	11.668178180000002	45.98652246	way/583557426		region_1
pitch		soccer	10.77081892	46.136391880000005	way/596426546		region_1
pitch		soccer	11.025575320000002	45.78298172	way/597218271		region_1
pitch		soccer	11.19716742	46.09377828	way/600351984		region_1
pitch		soccer	11.10632842	46.3429437	way/611564130		region_1
pitch		soccer	10.9705193	45.81985160000001	way/614087267	concrete	region_1
pitch		soccer	10.969678635714288	45.819823564285706	way/614087268	grass	region_1
pitch		soccer	10.7938951	46.19154046	way/614499606		region_1
pitch		soccer	11.04447834	45.92674706	way/619517717	grass	region_1
pitch		soccer	11.52314368	46.06504474	way/625775213		region_1
pitch		soccer	10.94709406	46.02233016	way/627429014	grass	region_1
pitch		soccer	10.824529000000002	46.028452560000005	way/632112720		region_1
pitch		soccer	10.75612234	46.157007920000005	way/632119309	grass	region_1
pitch		soccer	10.815415580000002	46.01652122	way/632122637		region_1
pitch		soccer	10.81432348	46.12490785999999	way/632124946		region_1
pitch	Campo da calcio	soccer	11.13524788	46.38951822	way/640398687		region_1
pitch		soccer	10.8819123	46.32692094	way/641837756		region_1
pitch		soccer	10.88463852	46.36989102	way/653276148		region_1
pitch		soccer	11.18878858	46.42018083999999	way/654013666		region_1
pitch		soccer	11.33616622	46.00508992	way/654809252		region_1
pitch		soccer	10.71343026	46.06331778	way/656067406		region_1
pitch		soccer	10.9918941	45.87618836	way/659111539	artificial_turf	region_1
pitch		soccer	11.13027588	46.00833516	way/660653628		region_1
pitch		soccer	11.45207758	46.2841688	way/664574309	grass	region_1
pitch		soccer	11.45086722	46.2840499	way/664574312	grass	region_1
pitch		soccer	11.59943432	46.30108534	way/664581536	grass	region_1
pitch		soccer	10.8534391	45.880677860000006	way/690505101		region_1
pitch		soccer	11.110979014285714	46.10758898571429	way/701364907	artificial_turf	region_1
pitch		soccer	11.01234198	45.90789368000001	way/704698836		region_1
pitch	Campo sportivo sintetico di San Martino	soccer	11.79677952	46.2618444	way/709276057	artificial_turf	region_1
pitch		soccer	10.95661758	45.834763	way/713766410		region_1
pitch		soccer	11.05016142	46.33620952	way/714394416		region_1
pitch		soccer	11.0011843	46.07858589999999	way/715697399	artificial_turf	region_1
pitch		soccer	10.67043268	45.88561048	way/718203567		region_1
pitch		soccer	10.683157225	45.89497125	way/718208727		region_1
pitch		soccer	11.03181184	46.35938722	way/736451171	concrete	region_1
pitch		soccer	11.02997736	46.3650945	way/736451193		region_1
pitch		soccer	11.01936846	46.3487206	way/755627414		region_1
pitch		soccer	11.11809182	46.04832952	way/782096319	ground	region_1
pitch		soccer	11.21926658	46.17371314	way/784055246		region_1
pitch		soccer	11.68776802	46.4291009	way/785329729	paved	region_1
pitch		soccer	10.82770448	46.222814420000006	way/808055138	artificial_turf	region_1
pitch		soccer	11.615271320000002	46.05929186	way/815804682		region_1
pitch		soccer	10.787710999999998	45.86672518	way/816970820	artificial_turf	region_1
pitch		soccer	11.0861136	45.86271012	way/818614691		region_1
pitch		soccer	10.725302180000002	46.07652066	way/822689875		region_1
pitch		soccer	11.06324322	45.84090796	way/824627318		region_1
pitch		soccer	10.84218934285714	45.89372241428572	way/846714876	artificial_turf	region_1
pitch		soccer	10.843981783333334	45.89040782499999	way/848027352	artificial_turf	region_1
pitch		soccer	10.843382069230769	45.88955463846154	way/848027358	artificial_turf	region_1
pitch		soccer	10.69545412	45.9999529	way/851839513		region_1
pitch		soccer	10.809569483333334	45.9647886	way/853268643	grass	region_1
pitch		soccer	10.81475012	45.96287668	way/853281612	grass	region_1
pitch		soccer	10.87053778	45.933268000000005	way/863777592		region_1
pitch		soccer	11.06859942	46.08876805999999	way/932650339		region_1
pitch		soccer	11.1019367875	46.065549525	way/932650419		region_1
pitch		soccer	10.72912392	45.90417774	way/960016101		region_1
pitch		soccer	10.73045754	45.917316420000006	way/960046210		region_1
pitch		soccer	11.325640880000002	46.2409114	way/962534659		region_1
pitch		soccer	11.30321258	46.1629179	way/966944515	artificial_turf	region_1
pitch		soccer	11.158907	46.42391	way/977545318		region_1
pitch		soccer	10.902699357142856	45.95070452857142	way/979557040		region_1
pitch		soccer	11.03929742	45.88916804	way/993299300	artificial_turf	region_1
pitch		soccer	11.360137560000002	46.0178091	way/999976129		region_1
pitch		soccer	10.956765399999998	45.81909852	way/1035399624		region_1
pitch		soccer	11.01270772	45.89619798	way/1040348998		region_1
pitch		soccer	11.1568132	46.08511085	way/1047509920		region_1
pitch		soccer	11.51515128	46.28342156	way/1050522433		region_1
pitch		soccer	10.86972418	45.901130460000005	way/1074412138		region_1
pitch		soccer	11.80442188	46.45707346	way/1077113284		region_1
pitch		soccer	10.8447696	45.90189847500001	way/1080872816		region_1
pitch		soccer	10.66931876	45.88910282	way/1095912509		region_1
pitch		soccer	11.16994428	46.1105726	way/1110230862		region_1
pitch		soccer	11.818640727272726	46.16377506363636	way/1120080984	asphalt	region_1
pitch		soccer	11.81740584	46.163238	way/1120109160	grass	region_1
pitch		soccer	10.99975526	45.76024099999999	way/1138273913		region_1
pitch		soccer	11.07315514	46.29579662	way/1157488254		region_1
pitch		soccer	11.34635432	46.24614902	way/1160742369		region_1
pitch		soccer	11.59636266	46.309110620000006	way/1163083807		region_1
pitch		soccer	11.2093458	46.10300076	way/1171498634		region_1
pitch		soccer	11.042645060000002	45.89342518	way/1172019401		region_1
pitch		soccer	11.62857104	46.05703192	way/1172861007		region_1
pitch		soccer	11.28724218	46.01127802	way/1176682345		region_1
pitch		soccer	11.09791212	46.15099814	way/1178106289		region_1
pitch		soccer	11.27026178	45.94139336	way/1183862303		region_1
pitch		soccer	10.54191278	45.81111982	way/1191736264		region_1
pitch		soccer	10.76055848	46.30878594	way/1198959397	artificial_turf	region_1
pitch		soccer	11.15877196	46.08503192	way/1200817993		region_1
pitch		soccer	11.31869744	46.0142819	way/1209337865		region_1
pitch		soccer	11.1326467	46.0862949	node/2301965189	grass	region_1
pitch		soccer	11.1088335	45.9125351	node/2990924600		region_1
pitch		soccer	11.2877608	46.0061298	node/5092691034		region_1
pitch		soccer	11.4757126	46.0715133	node/5779774317		region_1
pitch		soccer	11.1184618	46.0948083	node/6638897080		region_1
pitch	Ice Stadium	climbing	10.549260471428571	45.9756299	way/353588924		region_1
pitch	"Falesia ""Val Granda"""	climbing	11.0783869	45.9477641	node/6115517596	rock	region_1
pitch		athletics	11.64832596	46.36589858	way/226702491		region_1
pitch		athletics	11.648297466666666	46.36646888888888	way/226702496		region_1
pitch		athletics	11.120293845454546	46.07918017272727	way/1184632263		region_1
